"event_id","date","time","currency","event","actual","forecast","previous","price_before","price_after","pct_change","pair"
"150946","2025-11-25","16:30","USD","Core PPI m/m","0.10%","0.20%","-0.10%","4141.248","4144.725","0.084","XAUUSD"
"150950","2025-11-25","16:30","USD","Core Retail Sales m/m","0.30%","0.30%","0.60%","4141.248","4144.725","0.084","XAUUSD"
"150945","2025-11-25","16:30","USD","PPI m/m","0.30%","0.30%","-0.10%","4141.248","4144.725","0.084","XAUUSD"
"150951","2025-11-25","16:30","USD","Retail Sales m/m","0.20%","0.40%","0.60%","4141.248","4144.725","0.084","XAUUSD"
"144091","2025-11-26","3:30","AUD","CPI y/y","3.80%","3.60%","3.50%","0.64742","0.64802","0.0927","AUDUSD"
"141370","2025-11-26","4:00","NZD","Official Cash Rate","2.25%","2.25%","2.50%","0.56265","0.56626","0.6416","NZDUSD"
"141477","2025-11-26","16:30","USD","Unemployment Claims","216K","226K","222K","4165.035","4158.725","-0.1515","XAUUSD"
"144966","2025-11-28","16:30","CAD","GDP m/m","0.20%","0.20%","-0.10%","1.40054","1.40016","-0.0271","USDCAD"
"145130","2025-11-17","16:30","CAD","CPI m/m","0.20%","0.20%","0.10%","1.40287","1.40359","0.0513","USDCAD"
"145174","2025-11-17","16:30","CAD","Median CPI y/y","2.90%","3.10%","3.10%","1.40287","1.40359","0.0513","USDCAD"
"145175","2025-11-17","16:30","CAD","Trimmed CPI y/y","3.00%","3.00%","3.10%","1.40287","1.40359","0.0513","USDCAD"
"150895","2025-11-18","11:10","USD","Unemployment Claims","232K","","220K","4022.585","4024.805","0.0552","XAUUSD"
"141628","2025-11-19","3:30","AUD","Wage Price Index q/q","0.80%","0.80%","0.80%","0.65018","0.65029","0.0169","AUDUSD"
"143627","2025-11-19","10:00","GBP","CPI y/y","3.60%","3.50%","3.80%","1.31505","1.31338","-0.127","GBPUSD"
"143674","2025-11-21","10:00","GBP","Retail Sales m/m","-1.10%","-0.10%","0.70%","1.30904","1.30853","-0.039","GBPUSD"
"142221","2025-11-21","11:30","EUR","German Flash Manufacturing PMI","48.4","49.8","49.6","1.15496","1.15462","-0.0294","EURUSD"
"142222","2025-11-21","11:30","EUR","German Flash Services PMI","52.7","54","54.6","1.15496","1.15462","-0.0294","EURUSD"
"142219","2025-11-21","12:30","GBP","Flash Manufacturing PMI","50.2","49.3","49.7","1.30852","1.30778","-0.0566","GBPUSD"
"142220","2025-11-21","12:30","GBP","Flash Services PMI","50.5","51.9","52.3","1.30852","1.30778","-0.0566","GBPUSD"
"143937","2025-11-21","17:45","USD","Flash Manufacturing PMI","51.9","52","52.5","4062.145","4074.005","0.292","XAUUSD"
"143949","2025-11-21","17:45","USD","Flash Services PMI","55","54.6","54.8","4062.145","4074.005","0.292","XAUUSD"
"143812","2025-11-11","10:00","GBP","Claimant Count Change","29.0K","17.6K","0.4K","1.31532","1.31243","-0.2197","GBPUSD"
"144166","2025-11-13","3:30","AUD","Employment Change","42.2K","20.0K","12.8K","0.65323","0.65538","0.3291","AUDUSD"
"144178","2025-11-13","3:30","AUD","Unemployment Rate","4.30%","4.40%","4.50%","0.65323","0.65538","0.3291","AUDUSD"
"143749","2025-11-13","10:00","GBP","GDP m/m","-0.10%","0.00%","0.00%","1.3121","1.31093","-0.0892","GBPUSD"
"140738","2025-11-03","10:30","CHF","CPI m/m","-0.30%","-0.10%","-0.20%","0.80427","0.80471","0.0547","USDCHF"
"141145","2025-11-03","18:00","USD","ISM Manufacturing PMI","48.7","49.4","49.1","4022.085","4025.448","0.0836","XAUUSD"
"141343","2025-11-04","6:30","AUD","Cash Rate","3.60%","3.60%","3.60%","0.65334","0.65224","-0.1684","AUDUSD"
"141743","2025-11-05","0:45","NZD","Employment Change q/q","0.00%","0.10%","-0.20%","0.56512","0.56357","-0.2743","NZDUSD"
"141747","2025-11-05","0:45","NZD","Unemployment Rate","5.30%","5.30%","5.20%","0.56512","0.56357","-0.2743","NZDUSD"
"142729","2025-11-05","16:15","USD","ADP Non-Farm Employment Change","42K","32K","-29K","3971.785","3975.385","0.0906","XAUUSD"
"141168","2025-11-05","18:00","USD","ISM Services PMI","52.4","50.7","50","3973.005","3973.605","0.0151","XAUUSD"
"143365","2025-11-06","15:00","GBP","MPC Official Bank Rate Votes","2000-4-5","2000-3-6","2000-2-7","1.30912","1.30668","-0.1864","GBPUSD"
"143363","2025-11-06","15:00","GBP","Official Bank Rate","4.00%","4.00%","4.00%","1.30912","1.30668","-0.1864","GBPUSD"
"144978","2025-11-07","16:30","CAD","Employment Change","66.6K","-5.0K","60.4K","1.40904","1.40779","-0.0887","USDCAD"
"144990","2025-11-07","16:30","CAD","Unemployment Rate","6.90%","7.10%","7.10%","1.40904","1.40779","-0.0887","USDCAD"
"141632","2025-10-29","3:30","AUD","CPI q/q","1.30%","1.10%","0.70%","0.65803","0.66004","0.3055","AUDUSD"
"144090","2025-10-29","3:30","AUD","CPI y/y","3.50%","3.10%","3.00%","0.65803","0.66004","0.3055","AUDUSD"
"141636","2025-10-29","3:30","AUD","Trimmed Mean CPI q/q","1.00%","0.80%","0.60%","0.65803","0.66004","0.3055","AUDUSD"
"141392","2025-10-29","16:45","CAD","Overnight Rate","2.25%","2.25%","2.50%","1.39264","1.39263","-0.0007","USDCAD"
"141213","2025-10-29","21:00","USD","Federal Funds Rate","4.00%","4.00%","4.25%","3993.958","3993.015","-0.0236","XAUUSD"
"144317","2025-10-30","6:15","JPY","BOJ Policy Rate","<0.50%","<0.50%","<0.50%","152.187","152.869","0.4481","USDJPY"
"142942","2025-10-30","16:15","EUR","Main Refinancing Rate","2.15%","2.15%","2.15%","1.15564","1.15659","0.0822","EURUSD"
"140686","2025-10-31","4:30","CNY","Manufacturing PMI","49","49.6","49.8","7.11073","7.11013","-0.0084","USDCNH"
"144965","2025-10-31","15:30","CAD","GDP m/m","-0.30%","0.00%","0.30%","1.40173","1.40301","0.0913","USDCAD"
"144854","2025-10-20","0:45","NZD","CPI q/q","1.00%","0.80%","0.50%","0.57272","0.57199","-0.1275","NZDUSD"
"145129","2025-10-21","15:30","CAD","CPI m/m","0.10%","-0.10%","-0.10%","1.4038","1.40207","-0.1232","USDCAD"
"145170","2025-10-21","15:30","CAD","Median CPI y/y","3.20%","3.00%","3.20%","1.4038","1.40207","-0.1232","USDCAD"
"145171","2025-10-21","15:30","CAD","Trimmed CPI y/y","3.10%","3.00%","3.00%","1.4038","1.40207","-0.1232","USDCAD"
"143621","2025-10-22","9:00","GBP","CPI y/y","3.80%","4.00%","3.80%","1.3383","1.3346","-0.2765","GBPUSD"
"142215","2025-10-24","10:30","EUR","German Flash Manufacturing PMI","49.6","49.5","49.5","1.16069","1.1623","0.1387","EURUSD"
"142216","2025-10-24","10:30","EUR","German Flash Services PMI","54.5","51.1","51.5","1.16069","1.1623","0.1387","EURUSD"
"142217","2025-10-24","11:30","GBP","Flash Manufacturing PMI","49.6","46.6","46.2","1.33009","1.33151","0.1068","GBPUSD"
"142218","2025-10-24","11:30","GBP","Flash Services PMI","51.1","51","50.8","1.33009","1.33151","0.1068","GBPUSD"
"142664","2025-10-24","11:30","USD","Core CPI m/m","0.20%","0.30%","0.30%","4053.525","4058.685","0.1273","XAUUSD"
"142640","2025-10-24","11:30","USD","CPI m/m","0.30%","0.40%","0.40%","4053.525","4058.685","0.1273","XAUUSD"
"142652","2025-10-24","11:30","USD","CPI y/y","3.00%","3.10%","2.90%","4053.525","4058.685","0.1273","XAUUSD"
"143936","2025-10-24","16:45","USD","Flash Manufacturing PMI","52.2","51.9","52","4104.995","4108.425","0.0836","XAUUSD"
"143948","2025-10-24","16:45","USD","Flash Services PMI","55.2","53.5","54.2","4104.995","4108.425","0.0836","XAUUSD"
"144165","2025-10-16","3:30","AUD","Employment Change","14.9K","20.5K","-11.9K","0.65141","0.64846","-0.4529","AUDUSD"
"144177","2025-10-16","3:30","AUD","Unemployment Rate","4.50%","4.30%","4.30%","0.65141","0.64846","-0.4529","AUDUSD"
"143743","2025-10-16","9:00","GBP","GDP m/m","0.10%","0.10%","-0.10%","1.34166","1.34153","-0.0097","GBPUSD"
"141369","2025-10-08","4:00","NZD","Official Cash Rate","2.50%","2.75%","3.00%","0.57948","0.57564","-0.6627","NZDUSD"
"144977","2025-10-10","15:30","CAD","Employment Change","60.4K","2.8K","-65.5K","1.40142","1.39822","-0.2283","USDCAD"
"144989","2025-10-10","15:30","CAD","Unemployment Rate","7.10%","7.20%","7.10%","1.40142","1.39822","-0.2283","USDCAD"
"141273","2025-10-10","17:00","USD","Prelim UoM Consumer Sentiment","55","54.1","55.1","3979.945","3980.615","0.0168","XAUUSD"
"141274","2025-10-10","17:00","USD","Prelim UoM Inflation Expectations","4.60%","","4.70%","3979.945","3980.615","0.0168","XAUUSD"
"141342","2025-09-30","7:30","AUD","Cash Rate","3.60%","3.60%","3.60%","0.6586","0.65971","0.1685","AUDUSD"
"143900","2025-09-30","17:00","USD","JOLTS Job Openings","7.23M","7.19M","7.21M","3823.228","3838.305","0.3944","XAUUSD"
"142728","2025-10-01","15:15","USD","ADP Non-Farm Employment Change","-32K","52K","-3K","3883.988","3880.885","-0.0799","XAUUSD"
"141143","2025-10-01","17:00","USD","ISM Manufacturing PMI","49.1","49","48.7","3872.245","3871.235","-0.0261","XAUUSD"
"140737","2025-10-02","9:30","CHF","CPI m/m","-0.20%","-0.20%","-0.10%","0.7969","0.79692","0.0025","USDCHF"
"141167","2025-10-03","17:00","USD","ISM Services PMI","50","51.8","52","3881.935","3875.515","-0.1654","XAUUSD"
"142209","2025-09-23","10:30","EUR","German Flash Manufacturing PMI","48.5","50","48.8","1.17883","1.17944","0.0517","EURUSD"
"142210","2025-09-23","10:30","EUR","German Flash Services PMI","52.5","49.5","49.3","1.17883","1.17944","0.0517","EURUSD"
"142212","2025-09-23","11:30","GBP","Flash Manufacturing PMI","46.2","47.1","47","1.35206","1.34949","-0.1901","GBPUSD"
"142211","2025-09-23","11:30","GBP","Flash Services PMI","51.9","53.4","54.2","1.35206","1.34949","-0.1901","GBPUSD"
"143935","2025-09-23","16:45","USD","Flash Manufacturing PMI","52","52.2","53","3783.868","3778.318","-0.1467","XAUUSD"
"143947","2025-09-23","16:45","USD","Flash Services PMI","53.9","54","54.5","3783.868","3778.318","-0.1467","XAUUSD"
"144089","2025-09-24","4:30","AUD","CPI y/y","3.00%","2.90%","2.80%","0.65929","0.66081","0.2306","AUDUSD"
"140840","2025-09-25","10:30","CHF","SNB Policy Rate","0.00%","0.00%","0.00%","0.79612","0.79541","-0.0892","USDCHF"
"142551","2025-09-25","15:30","USD","Final GDP q/q","3.80%","3.30%","3.30%","3753.535","3740.975","-0.3346","XAUUSD"
"141468","2025-09-25","15:30","USD","Unemployment Claims","218K","233K","232K","3753.535","3740.975","-0.3346","XAUUSD"
"144964","2025-09-26","15:30","CAD","GDP m/m","0.20%","0.10%","-0.10%","1.3944","1.39452","0.0086","USDCAD"
"142513","2025-09-26","15:30","USD","Core PCE Price Index m/m","0.20%","0.20%","0.20%","3749.025","3751.935","0.0776","XAUUSD"
"145128","2025-09-16","15:30","CAD","CPI m/m","-0.10%","0.00%","0.30%","1.37516","1.37524","0.0058","USDCAD"
"145166","2025-09-16","15:30","CAD","Median CPI y/y","3.10%","3.10%","3.10%","1.37516","1.37524","0.0058","USDCAD"
"145167","2025-09-16","15:30","CAD","Trimmed CPI y/y","3.00%","3.00%","3.10%","1.37516","1.37524","0.0058","USDCAD"
"142351","2025-09-16","15:30","USD","Core Retail Sales m/m","0.70%","0.40%","0.40%","3690.625","3688.538","-0.0565","XAUUSD"
"142341","2025-09-16","15:30","USD","Retail Sales m/m","0.60%","0.20%","0.60%","3690.625","3688.538","-0.0565","XAUUSD"
"143615","2025-09-17","9:00","GBP","CPI y/y","3.80%","3.80%","3.80%","1.36477","1.36409","-0.0498","GBPUSD"
"141391","2025-09-17","16:45","CAD","Overnight Rate","2.50%","2.50%","2.75%","1.37601","1.37627","0.0189","USDCAD"
"141212","2025-09-17","21:00","USD","Federal Funds Rate","4.25%","4.25%","4.50%","3685.958","3704.898","0.5138","XAUUSD"
"144813","2025-09-18","1:45","NZD","GDP q/q","-0.90%","-0.30%","0.90%","0.59634","0.59444","-0.3186","NZDUSD"
"144164","2025-09-18","4:30","AUD","Employment Change","-5.4K","21.2K","26.5K","0.66504","0.66368","-0.2045","AUDUSD"
"144176","2025-09-18","4:30","AUD","Unemployment Rate","4.20%","4.20%","4.20%","0.66504","0.66368","-0.2045","AUDUSD"
"143362","2025-09-18","14:00","GBP","MPC Official Bank Rate Votes","2000-2-7","2000-1-8","2000-5-4","1.36488","1.3633","-0.1158","GBPUSD"
"143360","2025-09-18","14:00","GBP","Official Bank Rate","4.00%","4.00%","4.00%","1.36488","1.3633","-0.1158","GBPUSD"
"141467","2025-09-18","15:30","USD","Unemployment Claims","231K","241K","264K","3670.468","3669.035","-0.039","XAUUSD"
"144314","2025-09-19","6:47","JPY","BOJ Policy Rate","<0.50%","<0.50%","<0.50%","147.742","147.622","-0.0812","USDJPY"
"147811","2025-09-09","17:00","USD","Prelim Benchmark Payrolls Revision","-911K","","-818K","3665.418","3648.505","-0.4614","XAUUSD"
"142627","2025-09-10","15:30","USD","Core PPI m/m","-0.10%","0.30%","0.70%","3647.428","3649.925","0.0685","XAUUSD"
"142615","2025-09-10","15:30","USD","PPI m/m","-0.10%","0.30%","0.70%","3647.428","3649.925","0.0685","XAUUSD"
"142938","2025-09-11","15:15","EUR","Main Refinancing Rate","2.15%","2.15%","2.15%","1.16843","1.1679","-0.0454","EURUSD"
"142663","2025-09-11","15:30","USD","Core CPI m/m","0.30%","0.30%","0.30%","3622.505","3638.195","0.4331","XAUUSD"
"142639","2025-09-11","15:30","USD","CPI m/m","0.40%","0.30%","0.20%","3622.505","3638.195","0.4331","XAUUSD"
"142651","2025-09-11","15:30","USD","CPI y/y","2.90%","2.90%","2.70%","3622.505","3638.195","0.4331","XAUUSD"
"141466","2025-09-11","15:30","USD","Unemployment Claims","263K","235K","236K","3622.505","3638.195","0.4331","XAUUSD"
"141271","2025-09-12","17:00","USD","Prelim UoM Consumer Sentiment","55.4","58.2","58.2","3649.965","3651.065","0.0301","XAUUSD"
"141272","2025-09-12","17:00","USD","Prelim UoM Inflation Expectations","4.80%","","4.80%","3649.965","3651.065","0.0301","XAUUSD"
"141619","2025-09-03","4:30","AUD","GDP q/q","0.60%","0.50%","0.30%","0.65132","0.65205","0.1121","AUDUSD"
"143899","2025-09-03","17:00","USD","JOLTS Job Openings","7.18M","7.38M","7.36M","3553.005","3554.375","0.0386","XAUUSD"
"140736","2025-09-04","9:30","CHF","CPI m/m","-0.10%","0.00%","0.00%","0.80424","0.80501","0.0957","USDCHF"
"142727","2025-09-04","15:15","USD","ADP Non-Farm Employment Change","54K","73K","106K","3547.278","3545.885","-0.0393","XAUUSD"
"141465","2025-09-04","15:15","USD","Unemployment Claims","237K","230K","229K","3547.278","3545.885","-0.0393","XAUUSD"
"141166","2025-09-04","17:00","USD","ISM Services PMI","52","50.9","50.1","3546.078","3540.705","-0.1515","XAUUSD"
"144976","2025-09-05","15:30","CAD","Employment Change","-65.5K","4.9K","-40.8K","1.37877","1.38079","0.1465","USDCAD"
"144988","2025-09-05","15:30","CAD","Unemployment Rate","7.10%","7.00%","6.90%","1.37877","1.38079","0.1465","USDCAD"
"142597","2025-09-05","15:30","USD","Average Hourly Earnings m/m","0.30%","0.30%","0.30%","3552.828","3584.455","0.8902","XAUUSD"
"142573","2025-09-05","15:30","USD","Non-Farm Employment Change","22K","75K","79K","3552.828","3584.455","0.8902","XAUUSD"
"142585","2025-09-05","15:30","USD","Unemployment Rate","4.30%","4.30%","4.20%","3552.828","3584.455","0.8902","XAUUSD"
"144088","2025-08-27","4:30","AUD","CPI y/y","2.80%","2.30%","1.90%","0.64909","0.65007","0.151","AUDUSD"
"144963","2025-08-29","15:30","CAD","GDP m/m","-0.10%","0.10%","-0.10%","1.3753","1.37747","0.1578","USDCAD"
"142512","2025-08-29","15:30","USD","Core PCE Price Index m/m","0.30%","0.30%","0.30%","3407.408","3412.775","0.1575","XAUUSD"
"145127","2025-08-19","15:30","CAD","CPI m/m","0.30%","0.30%","0.10%","1.38086","1.38306","0.1593","USDCAD"
"145162","2025-08-19","15:30","CAD","Median CPI y/y","3.10%","3.10%","3.00%","1.38086","1.38306","0.1593","USDCAD"
"145163","2025-08-19","15:30","CAD","Trimmed CPI y/y","3.00%","3.00%","3.00%","1.38086","1.38306","0.1593","USDCAD"
"143609","2025-08-20","6:00","GBP","CPI y/y","3.80%","3.70%","3.60%","1.34668","1.34722","0.0401","GBPUSD"
"142203","2025-08-21","10:30","EUR","German Flash Manufacturing PMI","49.9","48.8","49.1","1.16429","1.1656","0.1125","EURUSD"
"142204","2025-08-21","10:30","EUR","German Flash Services PMI","50.1","50.4","50.6","1.16429","1.1656","0.1125","EURUSD"
"142202","2025-08-21","11:30","GBP","Flash Manufacturing PMI","47.3","48.2","48","1.34568","1.34665","0.0721","GBPUSD"
"142201","2025-08-21","11:30","GBP","Flash Services PMI","53.6","51.8","51.8","1.34568","1.34665","0.0721","GBPUSD"
"141463","2025-08-21","11:30","USD","Unemployment Claims","235K","226K","224K","3339.835","3339.785","-0.0015","XAUUSD"
"143934","2025-08-21","16:45","USD","Flash Manufacturing PMI","53.3","49.7","49.8","3344.855","3337.869","-0.2089","XAUUSD"
"143946","2025-08-21","16:45","USD","Flash Services PMI","55.4","54.2","55.7","3344.855","3337.869","-0.2089","XAUUSD"
"141341","2025-08-12","7:30","AUD","Cash Rate","3.60%","3.60%","3.85%","0.65117","0.65095","-0.0338","AUDUSD"
"142662","2025-08-12","8:30","USD","Core CPI m/m","0.30%","0.30%","0.20%","3353.068","3352.895","-0.0052","XAUUSD"
"142638","2025-08-12","8:30","USD","CPI m/m","0.20%","0.20%","0.30%","3353.068","3352.895","-0.0052","XAUUSD"
"142650","2025-08-12","8:30","USD","CPI y/y","2.70%","2.80%","2.70%","3353.068","3352.895","-0.0052","XAUUSD"
"141627","2025-08-13","4:30","AUD","Wage Price Index q/q","0.80%","0.80%","0.90%","0.65164","0.652","0.0552","AUDUSD"
"144163","2025-08-14","4:30","AUD","Employment Change","24.5K","25.3K","1.0K","0.65533","0.65634","0.1541","AUDUSD"
"144175","2025-08-14","4:30","AUD","Unemployment Rate","4.20%","4.20%","4.30%","0.65533","0.65634","0.1541","AUDUSD"
"143732","2025-08-14","9:00","GBP","GDP m/m","0.40%","0.20%","-0.10%","1.35719","1.35797","0.0575","GBPUSD"
"142626","2025-08-14","15:30","USD","Core PPI m/m","0.90%","0.20%","0.00%","3352.198","3350.048","-0.0641","XAUUSD"
"142614","2025-08-14","15:30","USD","PPI m/m","0.90%","0.20%","0.00%","3352.198","3350.048","-0.0641","XAUUSD"
"141462","2025-08-14","15:30","USD","Unemployment Claims","224K","225K","227K","3352.198","3350.048","-0.0641","XAUUSD"
"141269","2025-08-15","17:00","USD","Prelim UoM Consumer Sentiment","58.6","61.9","61.7","3334.818","3337.955","0.0941","XAUUSD"
"141270","2025-08-15","17:00","USD","Prelim UoM Inflation Expectations","4.90%","","4.50%","3334.818","3337.955","0.0941","XAUUSD"
"140735","2025-08-04","9:30","CHF","CPI m/m","0.00%","-0.20%","0.20%","0.80721","0.80735","0.0173","USDCHF"
"141165","2025-08-05","17:00","USD","ISM Services PMI","50.1","51.5","50.8","3373.155","3374.715","0.0462","XAUUSD"
"141742","2025-08-06","1:45","NZD","Employment Change q/q","-0.10%","-0.10%","0.00%","0.58941","0.59008","0.1137","NZDUSD"
"141746","2025-08-06","1:45","NZD","Unemployment Rate","5.20%","5.30%","5.10%","0.58941","0.59008","0.1137","NZDUSD"
"143359","2025-08-07","14:00","GBP","MPC Official Bank Rate Votes","2000-5-4","2000-8-1","2000-3-6","1.33768","1.34232","0.3469","GBPUSD"
"143356","2025-08-07","14:00","GBP","Official Bank Rate","4.00%","4.00%","4.25%","1.33768","1.34232","0.3469","GBPUSD"
"141461","2025-08-07","15:30","USD","Unemployment Claims","226K","221K","219K","3380.355","3385.395","0.1491","XAUUSD"
"144975","2025-08-08","15:30","CAD","Employment Change","-40.8K","15.3K","83.1K","1.37425","1.37564","0.1011","USDCAD"
"144987","2025-08-08","15:30","CAD","Unemployment Rate","6.90%","7.00%","6.90%","1.37425","1.37564","0.1011","USDCAD"
"143898","2025-07-29","17:00","USD","JOLTS Job Openings","7.44M","7.51M","7.71M","3316.788","3316.198","-0.0178","XAUUSD"
"141631","2025-07-30","4:30","AUD","CPI q/q","0.70%","0.80%","0.90%","0.65196","0.65122","-0.1135","AUDUSD"
"144087","2025-07-30","4:30","AUD","CPI y/y","1.90%","2.10%","2.10%","0.65196","0.65122","-0.1135","AUDUSD"
"141635","2025-07-30","4:30","AUD","Trimmed Mean CPI q/q","0.60%","0.70%","0.70%","0.65196","0.65122","-0.1135","AUDUSD"
"143857","2025-07-30","4:30","EUR","German Prelim GDP q/q","-0.10%","-0.10%","0.40%","1.15623","1.15675","0.045","EURUSD"
"142726","2025-07-30","15:15","USD","ADP Non-Farm Employment Change","104K","77K","-23K","3327.935","3328.558","0.0187","XAUUSD"
"142543","2025-07-30","15:30","USD","Advance GDP q/q","3.00%","2.50%","-0.50%","3327.555","3324.015","-0.1064","XAUUSD"
"141390","2025-07-30","16:45","CAD","Overnight Rate","2.75%","2.75%","2.75%","1.38055","1.38135","0.0579","USDCAD"
"141211","2025-07-30","21:00","USD","Federal Funds Rate","4.50%","4.50%","4.50%","3300.452","3301.575","0.034","XAUUSD"
"144310","2025-07-31","5:57","JPY","BOJ Policy Rate","<0.50%","<0.50%","<0.50%","148.805","148.724","-0.0544","USDJPY"
"144962","2025-07-31","15:30","CAD","GDP m/m","-0.10%","-0.10%","-0.10%","1.38424","1.38385","-0.0282","USDCAD"
"142511","2025-07-31","15:30","USD","Core PCE Price Index m/m","0.30%","0.30%","0.20%","3306.355","3309.965","0.1092","XAUUSD"
"142603","2025-07-31","15:30","USD","Employment Cost Index q/q","0.90%","0.80%","0.90%","3306.355","3309.965","0.1092","XAUUSD"
"141460","2025-07-31","15:30","USD","Unemployment Claims","218K","222K","217K","3306.355","3309.965","0.1092","XAUUSD"
"142596","2025-08-01","15:30","USD","Average Hourly Earnings m/m","0.30%","0.30%","0.20%","3300.908","3331.585","0.9294","XAUUSD"
"142572","2025-08-01","15:30","USD","Non-Farm Employment Change","73K","106K","14K","3300.908","3331.585","0.9294","XAUUSD"
"142584","2025-08-01","15:30","USD","Unemployment Rate","4.20%","4.20%","4.10%","3300.908","3331.585","0.9294","XAUUSD"
"141141","2025-08-01","17:00","USD","ISM Manufacturing PMI","48","49.5","49","3341.805","3349.648","0.2347","XAUUSD"
"144853","2025-07-21","1:45","NZD","CPI q/q","0.50%","0.60%","0.90%","0.59611","0.59435","-0.2952","NZDUSD"
"141057","2025-07-24","10:15","EUR","French Flash Manufacturing PMI","48.4","48.5","48.1","1.17664","1.17655","-0.0076","EURUSD"
"141058","2025-07-24","10:15","EUR","French Flash Services PMI","49.7","49.7","49.6","1.17664","1.17655","-0.0076","EURUSD"
"142193","2025-07-24","10:30","EUR","German Flash Manufacturing PMI","49.2","49.4","49","1.17676","1.17604","-0.0612","EURUSD"
"142194","2025-07-24","10:30","EUR","German Flash Services PMI","50.1","50","49.7","1.17676","1.17604","-0.0612","EURUSD"
"142197","2025-07-24","11:30","GBP","Flash Manufacturing PMI","48.2","47.9","47.7","1.3561","1.35528","-0.0605","GBPUSD"
"142198","2025-07-24","11:30","GBP","Flash Services PMI","51.2","52.8","52.8","1.3561","1.35528","-0.0605","GBPUSD"
"142935","2025-07-24","15:15","EUR","Main Refinancing Rate","2.15%","2.15%","2.15%","1.17526","1.17545","0.0162","EURUSD"
"141459","2025-07-24","15:15","USD","Unemployment Claims","217K","227K","221K","3361.495","3361.945","0.0134","XAUUSD"
"143933","2025-07-24","16:45","USD","Flash Manufacturing PMI","49.5","52.7","52.9","3366.318","3368.615","0.0682","XAUUSD"
"143945","2025-07-24","16:45","USD","Flash Services PMI","55.2","53","52.9","3366.318","3368.615","0.0682","XAUUSD"
"145126","2025-07-15","15:30","CAD","CPI m/m","0.10%","0.10%","0.60%","1.36893","1.36894","0.0007","USDCAD"
"145158","2025-07-15","15:30","CAD","Median CPI y/y","3.10%","3.00%","3.00%","1.36893","1.36894","0.0007","USDCAD"
"145159","2025-07-15","15:30","CAD","Trimmed CPI y/y","3.00%","3.00%","3.00%","1.36893","1.36894","0.0007","USDCAD"
"142661","2025-07-15","15:30","USD","Core CPI m/m","0.20%","0.30%","0.10%","3353.888","3347.789","-0.1818","XAUUSD"
"142637","2025-07-15","15:30","USD","CPI m/m","0.30%","0.30%","0.10%","3353.888","3347.789","-0.1818","XAUUSD"
"142649","2025-07-15","15:30","USD","CPI y/y","2.70%","2.60%","2.40%","3353.888","3347.789","-0.1818","XAUUSD"
"143603","2025-07-16","9:00","GBP","CPI y/y","3.60%","3.40%","3.40%","1.33973","1.34046","0.0545","GBPUSD"
"142625","2025-07-16","15:30","USD","Core PPI m/m","0.00%","0.20%","0.40%","3333.738","3334.665","0.0278","XAUUSD"
"142613","2025-07-16","15:30","USD","PPI m/m","0.00%","0.20%","0.30%","3333.738","3334.665","0.0278","XAUUSD"
"144162","2025-07-17","4:30","AUD","Employment Change","2.0K","21.0K","-1.1K","0.65137","0.64931","-0.3163","AUDUSD"
"144174","2025-07-17","4:30","AUD","Unemployment Rate","4.30%","4.10%","4.10%","0.65137","0.64931","-0.3163","AUDUSD"
"142353","2025-07-17","4:30","USD","Core Retail Sales m/m","0.50%","0.30%","-0.20%","3340.548","3340.848","0.009","XAUUSD"
"142339","2025-07-17","4:30","USD","Retail Sales m/m","0.60%","0.10%","-0.90%","3340.548","3340.848","0.009","XAUUSD"
"141458","2025-07-17","4:30","USD","Unemployment Claims","221K","233K","228K","3340.548","3340.848","0.009","XAUUSD"
"141340","2025-07-08","7:30","AUD","Cash Rate","3.85%","3.60%","3.85%","0.65121","0.6543","0.4745","AUDUSD"
"141367","2025-07-09","5:00","NZD","Official Cash Rate","3.25%","3.25%","3.25%","0.59973","0.60098","0.2084","NZDUSD"
"141457","2025-07-10","15:30","USD","Unemployment Claims","227K","236K","232K","3319.965","3323.235","0.0985","XAUUSD"
"144974","2025-07-11","15:30","CAD","Employment Change","83.1K","0.9K","8.8K","1.36861","1.36571","-0.2119","USDCAD"
"144986","2025-07-11","15:30","CAD","Unemployment Rate","6.90%","7.10%","7.00%","1.36861","1.36571","-0.2119","USDCAD"
"141140","2025-07-01","17:00","USD","ISM Manufacturing PMI","49","48.8","48.5","3351.328","3349.805","-0.0454","XAUUSD"
"143897","2025-07-01","17:00","USD","JOLTS Job Openings","7.77M","7.32M","7.40M","3351.328","3349.805","-0.0454","XAUUSD"
"142725","2025-07-02","15:15","USD","ADP Non-Farm Employment Change","-33K","99K","29K","3336.715","3348.815","0.3626","XAUUSD"
"140734","2025-07-03","9:30","CHF","CPI m/m","0.20%","0.10%","0.10%","0.79157","0.79105","-0.0657","USDCHF"
"142595","2025-07-03","15:20","USD","Average Hourly Earnings m/m","0.20%","0.30%","0.40%","3350.055","3349.018","-0.031","XAUUSD"
"142571","2025-07-03","15:20","USD","Non-Farm Employment Change","147K","111K","144K","3350.055","3349.018","-0.031","XAUUSD"
"142583","2025-07-03","15:20","USD","Unemployment Rate","4.10%","4.30%","4.20%","3350.055","3349.018","-0.031","XAUUSD"
"141164","2025-07-03","17:00","USD","ISM Services PMI","50.8","50.8","49.9","3331.718","3332.805","0.0326","XAUUSD"
"141059","2025-06-23","10:15","EUR","French Flash Manufacturing PMI","47.8","49.8","49.8","1.15008","1.14984","-0.0209","EURUSD"
"141056","2025-06-23","10:15","EUR","French Flash Services PMI","48.7","49.2","48.9","1.15008","1.14984","-0.0209","EURUSD"
"142189","2025-06-23","10:30","EUR","German Flash Manufacturing PMI","49","48.9","48.3","1.14959","1.14974","0.013","EURUSD"
"142190","2025-06-23","10:30","EUR","German Flash Services PMI","49.4","47.8","47.1","1.14959","1.14974","0.013","EURUSD"
"142191","2025-06-23","11:30","GBP","Flash Manufacturing PMI","47.7","46.9","46.4","1.34311","1.3436","0.0365","GBPUSD"
"142192","2025-06-23","11:30","GBP","Flash Services PMI","51.3","51.2","50.9","1.34311","1.3436","0.0365","GBPUSD"
"143932","2025-06-23","16:45","USD","Flash Manufacturing PMI","52","51.1","52","3381.518","3384.965","0.1019","XAUUSD"
"143944","2025-06-23","16:45","USD","Flash Services PMI","53.1","52.9","53.7","3381.518","3384.965","0.1019","XAUUSD"
"145125","2025-06-24","15:30","CAD","CPI m/m","0.60%","0.50%","-0.10%","1.37182","1.37141","-0.0299","USDCAD"
"145154","2025-06-24","15:30","CAD","Median CPI y/y","3.00%","3.00%","3.10%","1.37182","1.37141","-0.0299","USDCAD"
"145155","2025-06-24","15:30","CAD","Trimmed CPI y/y","3.00%","3.00%","3.10%","1.37182","1.37141","-0.0299","USDCAD"
"144093","2025-06-25","4:30","AUD","CPI y/y","2.10%","2.30%","2.40%","0.6498","0.65031","0.0785","AUDUSD"
"142550","2025-06-26","15:30","USD","Final GDP q/q","-0.50%","-0.20%","-0.20%","3342.155","3333.385","-0.2624","XAUUSD"
"141455","2025-06-26","15:30","USD","Unemployment Claims","236K","244K","246K","3342.155","3333.385","-0.2624","XAUUSD"
"144961","2025-06-27","15:30","CAD","GDP m/m","-0.10%","0.00%","0.20%","1.36491","1.36438","-0.0388","USDCAD"
"142510","2025-06-27","15:30","USD","Core PCE Price Index m/m","0.20%","0.10%","0.10%","3279.318","3272.955","-0.194","XAUUSD"
"144307","2025-06-17","6:30","JPY","BOJ Policy Rate","<0.50%","<0.50%","<0.50%","144.824","144.761","-0.0435","USDJPY"
"142350","2025-06-17","9:30","USD","Core Retail Sales m/m","-0.30%","0.20%","0.00%","3388.305","3386.955","-0.0398","XAUUSD"
"142338","2025-06-17","9:30","USD","Retail Sales m/m","-0.90%","-0.50%","-0.10%","3388.305","3386.955","-0.0398","XAUUSD"
"143596","2025-06-18","9:00","GBP","CPI y/y","3.40%","3.30%","3.50%","1.34445","1.34591","0.1086","GBPUSD"
"141454","2025-06-18","15:30","USD","Unemployment Claims","245K","246K","250K","3386.225","3386.658","0.0128","XAUUSD"
"141210","2025-06-18","21:00","USD","Federal Funds Rate","4.50%","4.50%","4.50%","3384.708","3393.915","0.272","XAUUSD"
"144812","2025-06-19","1:45","NZD","GDP q/q","0.80%","0.70%","0.50%","0.6031","0.60269","-0.068","NZDUSD"
"144161","2025-06-19","4:30","AUD","Employment Change","-2.5K","20.6K","87.6K","0.64901","0.64917","0.0247","AUDUSD"
"144173","2025-06-19","4:30","AUD","Unemployment Rate","4.10%","4.10%","4.10%","0.64901","0.64917","0.0247","AUDUSD"
"140836","2025-06-19","10:30","CHF","SNB Policy Rate","0.00%","0.00%","0.25%","0.82056","0.81901","-0.1889","USDCHF"
"143354","2025-06-19","14:00","GBP","MPC Official Bank Rate Votes","2000-3-6","2000-2-7","2000-7-2","1.34257","1.34123","-0.0998","GBPUSD"
"143353","2025-06-19","14:00","GBP","Official Bank Rate","4.25%","4.25%","4.25%","1.34257","1.34123","-0.0998","GBPUSD"
"143719","2025-06-12","9:00","GBP","GDP m/m","-0.30%","-0.10%","0.20%","1.35875","1.35587","-0.212","GBPUSD"
"142624","2025-06-12","15:30","USD","Core PPI m/m","0.10%","0.30%","-0.20%","3382.568","3390.005","0.2199","XAUUSD"
"142612","2025-06-12","15:30","USD","PPI m/m","0.10%","0.20%","-0.20%","3382.568","3390.005","0.2199","XAUUSD"
"141453","2025-06-12","15:30","USD","Unemployment Claims","248K","242K","248K","3382.568","3390.005","0.2199","XAUUSD"
"141266","2025-06-13","17:00","USD","Prelim UoM Consumer Sentiment","60.5","53.5","52.2","3436.865","3435.248","-0.047","XAUUSD"
"141265","2025-06-13","17:00","USD","Prelim UoM Inflation Expectations","5.10%","","6.60%","3436.865","3435.248","-0.047","XAUUSD"
"141139","2025-06-02","17:00","USD","ISM Manufacturing PMI","48.5","49.3","48.7","3370.368","3370","-0.0109","XAUUSD"
"140733","2025-06-03","9:30","CHF","CPI m/m","0.10%","0.10%","0.00%","0.8175","0.81813","0.0771","USDCHF"
"143896","2025-06-03","17:00","USD","JOLTS Job Openings","7.39M","7.11M","7.20M","3345.425","3338.498","-0.2071","XAUUSD"
"141618","2025-06-04","4:30","AUD","GDP q/q","0.20%","0.40%","0.60%","0.64609","0.64723","0.1764","AUDUSD"
"142724","2025-06-04","15:15","USD","ADP Non-Farm Employment Change","37K","111K","60K","3347.828","3354.198","0.1903","XAUUSD"
"141389","2025-06-04","16:45","CAD","Overnight Rate","2.75%","2.75%","2.75%","1.37019","1.37007","-0.0088","USDCAD"
"141170","2025-06-04","17:00","USD","ISM Services PMI","49.9","52","51.6","3352.395","3364.248","0.3536","XAUUSD"
"142933","2025-06-05","15:15","EUR","Main Refinancing Rate","2.15%","2.15%","2.40%","1.14228","1.14271","0.0376","EURUSD"
"141452","2025-06-05","15:15","USD","Unemployment Claims","247K","236K","239K","3395.815","3393.785","-0.0598","XAUUSD"
"144973","2025-06-06","15:30","CAD","Employment Change","8.8K","-11.9K","7.4K","1.36854","1.36878","0.0175","USDCAD"
"144985","2025-06-06","15:30","CAD","Unemployment Rate","7.00%","7.00%","6.90%","1.36854","1.36878","0.0175","USDCAD"
"142594","2025-06-06","15:30","USD","Average Hourly Earnings m/m","0.40%","0.30%","0.20%","3357.565","3350.265","-0.2174","XAUUSD"
"142570","2025-06-06","15:30","USD","Non-Farm Employment Change","139K","126K","147K","3357.565","3350.265","-0.2174","XAUUSD"
"142582","2025-06-06","15:30","USD","Unemployment Rate","4.20%","4.20%","4.20%","3357.565","3350.265","-0.2174","XAUUSD"
